algoritmo,n,escenario,repeticion,comparaciones,tiempo_ns,tiempo_orden_ns
lineal,100,inicio,0,1,100,0
binaria,100,inicio,0,6,200,10500
lineal,100,inicio,1,1,100,0
binaria,100,inicio,1,6,100,10500
lineal,100,inicio,2,1,100,0
binaria,100,inicio,2,6,100,10500
lineal,100,inicio,3,1,100,0
binaria,100,inicio,3,6,100,10500
lineal,100,inicio,4,1,100,0
binaria,100,inicio,4,6,100,10500
lineal,100,inicio,5,1,100,0
binaria,100,inicio,5,6,100,10500
lineal,100,inicio,6,1,0,0
binaria,100,inicio,6,6,100,10500
lineal,100,inicio,7,1,0,0
binaria,100,inicio,7,6,100,10500
lineal,100,inicio,8,1,100,0
binaria,100,inicio,8,6,100,10500
lineal,100,inicio,9,1,100,0
binaria,100,inicio,9,6,100,10500
lineal,100,inicio,10,1,0,0
binaria,100,inicio,10,6,0,10500
lineal,100,inicio,11,1,100,0
binaria,100,inicio,11,6,100,10500
lineal,100,inicio,12,1,100,0
binaria,100,inicio,12,6,100,10500
lineal,100,inicio,13,1,100,0
binaria,100,inicio,13,6,100,10500
lineal,100,inicio,14,1,100,0
binaria,100,inicio,14,6,100,10500
lineal,100,inicio,15,1,100,0
binaria,100,inicio,15,6,100,10500
lineal,100,inicio,16,1,100,0
binaria,100,inicio,16,6,100,10500
lineal,100,inicio,17,1,100,0
binaria,100,inicio,17,6,100,10500
lineal,100,inicio,18,1,100,0
binaria,100,inicio,18,6,100,10500
lineal,100,inicio,19,1,0,0
binaria,100,inicio,19,6,100,10500
lineal,100,inicio,20,1,100,0
binaria,100,inicio,20,6,100,10500
lineal,100,inicio,21,1,100,0
binaria,100,inicio,21,6,100,10500
lineal,100,inicio,22,1,100,0
binaria,100,inicio,22,6,100,10500
lineal,100,inicio,23,1,100,0
binaria,100,inicio,23,6,100,10500
lineal,100,inicio,24,1,100,0
binaria,100,inicio,24,6,100,10500
lineal,100,inicio,25,1,100,0
binaria,100,inicio,25,6,100,10500
lineal,100,inicio,26,1,100,0
binaria,100,inicio,26,6,100,10500
lineal,100,inicio,27,1,0,0
binaria,100,inicio,27,6,100,10500
lineal,100,inicio,28,1,100,0
binaria,100,inicio,28,6,100,10500
lineal,100,inicio,29,1,100,0
binaria,100,inicio,29,6,100,10500
lineal,100,centro,0,51,300,0
binaria,100,centro,0,6,200,10500
lineal,100,centro,1,51,200,0
binaria,100,centro,1,6,200,10500
lineal,100,centro,2,51,200,0
binaria,100,centro,2,6,100,10500
lineal,100,centro,3,51,100,0
binaria,100,centro,3,6,200,10500
lineal,100,centro,4,51,100,0
binaria,100,centro,4,6,100,10500
lineal,100,centro,5,51,200,0
binaria,100,centro,5,6,100,10500
lineal,100,centro,6,51,200,0
binaria,100,centro,6,6,100,10500
lineal,100,centro,7,51,200,0
binaria,100,centro,7,6,100,10500
lineal,100,centro,8,51,200,0
binaria,100,centro,8,6,100,10500
lineal,100,centro,9,51,200,0
binaria,100,centro,9,6,100,10500
lineal,100,centro,10,51,200,0
binaria,100,centro,10,6,100,10500
lineal,100,centro,11,51,200,0
binaria,100,centro,11,6,100,10500
lineal,100,centro,12,51,100,0
binaria,100,centro,12,6,100,10500
lineal,100,centro,13,51,200,0
binaria,100,centro,13,6,100,10500
lineal,100,centro,14,51,200,0
binaria,100,centro,14,6,100,10500
lineal,100,centro,15,51,200,0
binaria,100,centro,15,6,100,10500
lineal,100,centro,16,51,200,0
binaria,100,centro,16,6,100,10500
lineal,100,centro,17,51,100,0
binaria,100,centro,17,6,200,10500
lineal,100,centro,18,51,100,0
binaria,100,centro,18,6,100,10500
lineal,100,centro,19,51,100,0
binaria,100,centro,19,6,100,10500
lineal,100,centro,20,51,100,0
binaria,100,centro,20,6,100,10500
lineal,100,centro,21,51,100,0
binaria,100,centro,21,6,100,10500
lineal,100,centro,22,51,100,0
binaria,100,centro,22,6,100,10500
lineal,100,centro,23,51,100,0
binaria,100,centro,23,6,100,10500
lineal,100,centro,24,51,200,0
binaria,100,centro,24,6,200,10500
lineal,100,centro,25,51,200,0
binaria,100,centro,25,6,100,10500
lineal,100,centro,26,51,200,0
binaria,100,centro,26,6,100,10500
lineal,100,centro,27,51,100,0
binaria,100,centro,27,6,100,10500
lineal,100,centro,28,51,100,0
binaria,100,centro,28,6,100,10500
lineal,100,centro,29,51,100,0
binaria,100,centro,29,6,100,10500
lineal,100,final,0,100,300,0
binaria,100,final,0,7,200,10500
lineal,100,final,1,100,200,0
binaria,100,final,1,7,100,10500
lineal,100,final,2,100,300,0
binaria,100,final,2,7,100,10500
lineal,100,final,3,100,200,0
binaria,100,final,3,7,100,10500
lineal,100,final,4,100,200,0
binaria,100,final,4,7,100,10500
lineal,100,final,5,100,200,0
binaria,100,final,5,7,100,10500
lineal,100,final,6,100,200,0
binaria,100,final,6,7,100,10500
lineal,100,final,7,100,200,0
binaria,100,final,7,7,100,10500
lineal,100,final,8,100,300,0
binaria,100,final,8,7,0,10500
lineal,100,final,9,100,200,0
binaria,100,final,9,7,100,10500
lineal,100,final,10,100,200,0
binaria,100,final,10,7,100,10500
lineal,100,final,11,100,200,0
binaria,100,final,11,7,100,10500
lineal,100,final,12,100,300,0
binaria,100,final,12,7,100,10500
lineal,100,final,13,100,200,0
binaria,100,final,13,7,100,10500
lineal,100,final,14,100,200,0
binaria,100,final,14,7,100,10500
lineal,100,final,15,100,200,0
binaria,100,final,15,7,100,10500
lineal,100,final,16,100,200,0
binaria,100,final,16,7,100,10500
lineal,100,final,17,100,300,0
binaria,100,final,17,7,100,10500
lineal,100,final,18,100,200,0
binaria,100,final,18,7,200,10500
lineal,100,final,19,100,200,0
binaria,100,final,19,7,21500,10500
lineal,100,final,20,100,200,0
binaria,100,final,20,7,200,10500
lineal,100,final,21,100,300,0
binaria,100,final,21,7,100,10500
lineal,100,final,22,100,200,0
binaria,100,final,22,7,100,10500
lineal,100,final,23,100,300,0
binaria,100,final,23,7,100,10500
lineal,100,final,24,100,200,0
binaria,100,final,24,7,100,10500
lineal,100,final,25,100,200,0
binaria,100,final,25,7,100,10500
lineal,100,final,26,100,200,0
binaria,100,final,26,7,100,10500
lineal,100,final,27,100,200,0
binaria,100,final,27,7,200,10500
lineal,100,final,28,100,200,0
binaria,100,final,28,7,100,10500
lineal,100,final,29,100,200,0
binaria,100,final,29,7,100,10500
lineal,100,ausente,0,100,200,0
binaria,100,ausente,0,7,200,10500
lineal,100,ausente,1,100,200,0
binaria,100,ausente,1,7,100,10500
lineal,100,ausente,2,100,300,0
binaria,100,ausente,2,7,100,10500
lineal,100,ausente,3,100,300,0
binaria,100,ausente,3,7,100,10500
lineal,100,ausente,4,100,200,0
binaria,100,ausente,4,7,100,10500
lineal,100,ausente,5,100,200,0
binaria,100,ausente,5,7,100,10500
lineal,100,ausente,6,100,200,0
binaria,100,ausente,6,7,100,10500
lineal,100,ausente,7,100,200,0
binaria,100,ausente,7,7,100,10500
lineal,100,ausente,8,100,200,0
binaria,100,ausente,8,7,100,10500
lineal,100,ausente,9,100,300,0
binaria,100,ausente,9,7,100,10500
lineal,100,ausente,10,100,300,0
binaria,100,ausente,10,7,100,10500
lineal,100,ausente,11,100,200,0
binaria,100,ausente,11,7,100,10500
lineal,100,ausente,12,100,200,0
binaria,100,ausente,12,7,100,10500
lineal,100,ausente,13,100,200,0
binaria,100,ausente,13,7,100,10500
lineal,100,ausente,14,100,200,0
binaria,100,ausente,14,7,100,10500
lineal,100,ausente,15,100,200,0
binaria,100,ausente,15,7,100,10500
lineal,100,ausente,16,100,200,0
binaria,100,ausente,16,7,100,10500
lineal,100,ausente,17,100,300,0
binaria,100,ausente,17,7,100,10500
lineal,100,ausente,18,100,200,0
binaria,100,ausente,18,7,100,10500
lineal,100,ausente,19,100,300,0
binaria,100,ausente,19,7,100,10500
lineal,100,ausente,20,100,200,0
binaria,100,ausente,20,7,100,10500
lineal,100,ausente,21,100,200,0
binaria,100,ausente,21,7,200,10500
lineal,100,ausente,22,100,200,0
binaria,100,ausente,22,7,100,10500
lineal,100,ausente,23,100,200,0
binaria,100,ausente,23,7,100,10500
lineal,100,ausente,24,100,200,0
binaria,100,ausente,24,7,100,10500
lineal,100,ausente,25,100,300,0
binaria,100,ausente,25,7,100,10500
lineal,100,ausente,26,100,200,0
binaria,100,ausente,26,7,100,10500
lineal,100,ausente,27,100,200,0
binaria,100,ausente,27,7,100,10500
lineal,100,ausente,28,100,300,0
binaria,100,ausente,28,7,100,10500
lineal,100,ausente,29,100,200,0
binaria,100,ausente,29,7,100,10500
lineal,1000,inicio,0,1,100,0
binaria,1000,inicio,0,9,200,117900
lineal,1000,inicio,1,1,100,0
binaria,1000,inicio,1,9,200,117900
lineal,1000,inicio,2,1,100,0
binaria,1000,inicio,2,9,100,117900
lineal,1000,inicio,3,1,0,0
binaria,1000,inicio,3,9,200,117900
lineal,1000,inicio,4,1,100,0
binaria,1000,inicio,4,9,100,117900
lineal,1000,inicio,5,1,100,0
binaria,1000,inicio,5,9,100,117900
lineal,1000,inicio,6,1,100,0
binaria,1000,inicio,6,9,100,117900
lineal,1000,inicio,7,1,0,0
binaria,1000,inicio,7,9,100,117900
lineal,1000,inicio,8,1,100,0
binaria,1000,inicio,8,9,100,117900
lineal,1000,inicio,9,1,100,0
binaria,1000,inicio,9,9,100,117900
lineal,1000,inicio,10,1,100,0
binaria,1000,inicio,10,9,100,117900
lineal,1000,inicio,11,1,100,0
binaria,1000,inicio,11,9,100,117900
lineal,1000,inicio,12,1,100,0
binaria,1000,inicio,12,9,100,117900
lineal,1000,inicio,13,1,100,0
binaria,1000,inicio,13,9,100,117900
lineal,1000,inicio,14,1,100,0
binaria,1000,inicio,14,9,100,117900
lineal,1000,inicio,15,1,100,0
binaria,1000,inicio,15,9,200,117900
lineal,1000,inicio,16,1,100,0
binaria,1000,inicio,16,9,100,117900
lineal,1000,inicio,17,1,100,0
binaria,1000,inicio,17,9,100,117900
lineal,1000,inicio,18,1,100,0
binaria,1000,inicio,18,9,100,117900
lineal,1000,inicio,19,1,0,0
binaria,1000,inicio,19,9,100,117900
lineal,1000,inicio,20,1,100,0
binaria,1000,inicio,20,9,100,117900
lineal,1000,inicio,21,1,100,0
binaria,1000,inicio,21,9,100,117900
lineal,1000,inicio,22,1,100,0
binaria,1000,inicio,22,9,100,117900
lineal,1000,inicio,23,1,0,0
binaria,1000,inicio,23,9,100,117900
lineal,1000,inicio,24,1,100,0
binaria,1000,inicio,24,9,100,117900
lineal,1000,inicio,25,1,0,0
binaria,1000,inicio,25,9,100,117900
lineal,1000,inicio,26,1,100,0
binaria,1000,inicio,26,9,100,117900
lineal,1000,inicio,27,1,100,0
binaria,1000,inicio,27,9,100,117900
lineal,1000,inicio,28,1,100,0
binaria,1000,inicio,28,9,100,117900
lineal,1000,inicio,29,1,100,0
binaria,1000,inicio,29,9,100,117900
lineal,1000,centro,0,501,800,0
binaria,1000,centro,0,9,200,117900
lineal,1000,centro,1,501,700,0
binaria,1000,centro,1,9,200,117900
lineal,1000,centro,2,501,600,0
binaria,1000,centro,2,9,200,117900
lineal,1000,centro,3,501,700,0
binaria,1000,centro,3,9,200,117900
lineal,1000,centro,4,501,700,0
binaria,1000,centro,4,9,200,117900
lineal,1000,centro,5,501,500,0
binaria,1000,centro,5,9,100,117900
lineal,1000,centro,6,501,700,0
binaria,1000,centro,6,9,100,117900
lineal,1000,centro,7,501,700,0
binaria,1000,centro,7,9,100,117900
lineal,1000,centro,8,501,600,0
binaria,1000,centro,8,9,200,117900
lineal,1000,centro,9,501,600,0
binaria,1000,centro,9,9,100,117900
lineal,1000,centro,10,501,500,0
binaria,1000,centro,10,9,100,117900
lineal,1000,centro,11,501,700,0
binaria,1000,centro,11,9,100,117900
lineal,1000,centro,12,501,700,0
binaria,1000,centro,12,9,100,117900
lineal,1000,centro,13,501,600,0
binaria,1000,centro,13,9,100,117900
lineal,1000,centro,14,501,600,0
binaria,1000,centro,14,9,100,117900
lineal,1000,centro,15,501,500,0
binaria,1000,centro,15,9,100,117900
lineal,1000,centro,16,501,500,0
binaria,1000,centro,16,9,100,117900
lineal,1000,centro,17,501,500,0
binaria,1000,centro,17,9,100,117900
lineal,1000,centro,18,501,600,0
binaria,1000,centro,18,9,100,117900
lineal,1000,centro,19,501,500,0
binaria,1000,centro,19,9,100,117900
lineal,1000,centro,20,501,600,0
binaria,1000,centro,20,9,100,117900
lineal,1000,centro,21,501,500,0
binaria,1000,centro,21,9,100,117900
lineal,1000,centro,22,501,500,0
binaria,1000,centro,22,9,200,117900
lineal,1000,centro,23,501,600,0
binaria,1000,centro,23,9,100,117900
lineal,1000,centro,24,501,600,0
binaria,1000,centro,24,9,100,117900
lineal,1000,centro,25,501,700,0
binaria,1000,centro,25,9,200,117900
lineal,1000,centro,26,501,800,0
binaria,1000,centro,26,9,200,117900
lineal,1000,centro,27,501,600,0
binaria,1000,centro,27,9,100,117900
lineal,1000,centro,28,501,500,0
binaria,1000,centro,28,9,100,117900
lineal,1000,centro,29,501,600,0
binaria,1000,centro,29,9,100,117900
lineal,1000,final,0,1000,900,0
binaria,1000,final,0,10,19800,117900
lineal,1000,final,1,1000,1100,0
binaria,1000,final,1,10,100,117900
lineal,1000,final,2,1000,1100,0
binaria,1000,final,2,10,100,117900
lineal,1000,final,3,1000,1000,0
binaria,1000,final,3,10,100,117900
lineal,1000,final,4,1000,1000,0
binaria,1000,final,4,10,100,117900
lineal,1000,final,5,1000,1500,0
binaria,1000,final,5,10,100,117900
lineal,1000,final,6,1000,1000,0
binaria,1000,final,6,10,100,117900
lineal,1000,final,7,1000,900,0
binaria,1000,final,7,10,0,117900
lineal,1000,final,8,1000,900,0
binaria,1000,final,8,10,100,117900
lineal,1000,final,9,1000,1100,0
binaria,1000,final,9,10,100,117900
lineal,1000,final,10,1000,900,0
binaria,1000,final,10,10,100,117900
lineal,1000,final,11,1000,1100,0
binaria,1000,final,11,10,100,117900
lineal,1000,final,12,1000,1200,0
binaria,1000,final,12,10,100,117900
lineal,1000,final,13,1000,1000,0
binaria,1000,final,13,10,100,117900
lineal,1000,final,14,1000,1000,0
binaria,1000,final,14,10,100,117900
lineal,1000,final,15,1000,900,0
binaria,1000,final,15,10,100,117900
lineal,1000,final,16,1000,1000,0
binaria,1000,final,16,10,100,117900
lineal,1000,final,17,1000,1000,0
binaria,1000,final,17,10,100,117900
lineal,1000,final,18,1000,1000,0
binaria,1000,final,18,10,100,117900
lineal,1000,final,19,1000,1000,0
binaria,1000,final,19,10,100,117900
lineal,1000,final,20,1000,1000,0
binaria,1000,final,20,10,100,117900
lineal,1000,final,21,1000,1000,0
binaria,1000,final,21,10,100,117900
lineal,1000,final,22,1000,900,0
binaria,1000,final,22,10,100,117900
lineal,1000,final,23,1000,1100,0
binaria,1000,final,23,10,100,117900
lineal,1000,final,24,1000,1100,0
binaria,1000,final,24,10,100,117900
lineal,1000,final,25,1000,1000,0
binaria,1000,final,25,10,100,117900
lineal,1000,final,26,1000,900,0
binaria,1000,final,26,10,100,117900
lineal,1000,final,27,1000,900,0
binaria,1000,final,27,10,100,117900
lineal,1000,final,28,1000,1000,0
binaria,1000,final,28,10,100,117900
lineal,1000,final,29,1000,1200,0
binaria,1000,final,29,10,100,117900
lineal,1000,ausente,0,1000,1000,0
binaria,1000,ausente,0,10,200,117900
lineal,1000,ausente,1,1000,1000,0
binaria,1000,ausente,1,10,200,117900
lineal,1000,ausente,2,1000,1300,0
binaria,1000,ausente,2,10,100,117900
lineal,1000,ausente,3,1000,1100,0
binaria,1000,ausente,3,10,200,117900
lineal,1000,ausente,4,1000,1000,0
binaria,1000,ausente,4,10,100,117900
lineal,1000,ausente,5,1000,1100,0
binaria,1000,ausente,5,10,100,117900
lineal,1000,ausente,6,1000,1000,0
binaria,1000,ausente,6,10,100,117900
lineal,1000,ausente,7,1000,1200,0
binaria,1000,ausente,7,10,100,117900
lineal,1000,ausente,8,1000,1000,0
binaria,1000,ausente,8,10,100,117900
lineal,1000,ausente,9,1000,1000,0
binaria,1000,ausente,9,10,200,117900
lineal,1000,ausente,10,1000,1000,0
binaria,1000,ausente,10,10,100,117900
lineal,1000,ausente,11,1000,1200,0
binaria,1000,ausente,11,10,100,117900
lineal,1000,ausente,12,1000,900,0
binaria,1000,ausente,12,10,200,117900
lineal,1000,ausente,13,1000,1100,0
binaria,1000,ausente,13,10,100,117900
lineal,1000,ausente,14,1000,1000,0
binaria,1000,ausente,14,10,100,117900
lineal,1000,ausente,15,1000,1000,0
binaria,1000,ausente,15,10,200,117900
lineal,1000,ausente,16,1000,900,0
binaria,1000,ausente,16,10,200,117900
lineal,1000,ausente,17,1000,1100,0
binaria,1000,ausente,17,10,100,117900
lineal,1000,ausente,18,1000,1000,0
binaria,1000,ausente,18,10,100,117900
lineal,1000,ausente,19,1000,1000,0
binaria,1000,ausente,19,10,100,117900
lineal,1000,ausente,20,1000,900,0
binaria,1000,ausente,20,10,100,117900
lineal,1000,ausente,21,1000,1100,0
binaria,1000,ausente,21,10,200,117900
lineal,1000,ausente,22,1000,1100,0
binaria,1000,ausente,22,10,100,117900
lineal,1000,ausente,23,1000,1000,0
binaria,1000,ausente,23,10,100,117900
lineal,1000,ausente,24,1000,1400,0
binaria,1000,ausente,24,10,100,117900
lineal,1000,ausente,25,1000,900,0
binaria,1000,ausente,25,10,100,117900
lineal,1000,ausente,26,1000,1000,0
binaria,1000,ausente,26,10,100,117900
lineal,1000,ausente,27,1000,900,0
binaria,1000,ausente,27,10,100,117900
lineal,1000,ausente,28,1000,900,0
binaria,1000,ausente,28,10,200,117900
lineal,1000,ausente,29,1000,1000,0
binaria,1000,ausente,29,10,100,117900
lineal,10000,inicio,0,1,100,0
binaria,10000,inicio,0,13,200,1224000
lineal,10000,inicio,1,1,100,0
binaria,10000,inicio,1,13,100,1224000
lineal,10000,inicio,2,1,100,0
binaria,10000,inicio,2,13,100,1224000
lineal,10000,inicio,3,1,100,0
binaria,10000,inicio,3,13,100,1224000
lineal,10000,inicio,4,1,100,0
binaria,10000,inicio,4,13,100,1224000
lineal,10000,inicio,5,1,100,0
binaria,10000,inicio,5,13,100,1224000
lineal,10000,inicio,6,1,100,0
binaria,10000,inicio,6,13,100,1224000
lineal,10000,inicio,7,1,100,0
binaria,10000,inicio,7,13,100,1224000
lineal,10000,inicio,8,1,100,0
binaria,10000,inicio,8,13,100,1224000
lineal,10000,inicio,9,1,0,0
binaria,10000,inicio,9,13,100,1224000
lineal,10000,inicio,10,1,0,0
binaria,10000,inicio,10,13,100,1224000
lineal,10000,inicio,11,1,100,0
binaria,10000,inicio,11,13,100,1224000
lineal,10000,inicio,12,1,100,0
binaria,10000,inicio,12,13,100,1224000
lineal,10000,inicio,13,1,100,0
binaria,10000,inicio,13,13,100,1224000
lineal,10000,inicio,14,1,100,0
binaria,10000,inicio,14,13,100,1224000
lineal,10000,inicio,15,1,100,0
binaria,10000,inicio,15,13,100,1224000
lineal,10000,inicio,16,1,100,0
binaria,10000,inicio,16,13,100,1224000
lineal,10000,inicio,17,1,100,0
binaria,10000,inicio,17,13,0,1224000
lineal,10000,inicio,18,1,100,0
binaria,10000,inicio,18,13,100,1224000
lineal,10000,inicio,19,1,100,0
binaria,10000,inicio,19,13,100,1224000
lineal,10000,inicio,20,1,100,0
binaria,10000,inicio,20,13,100,1224000
lineal,10000,inicio,21,1,100,0
binaria,10000,inicio,21,13,200,1224000
lineal,10000,inicio,22,1,100,0
binaria,10000,inicio,22,13,100,1224000
lineal,10000,inicio,23,1,100,0
binaria,10000,inicio,23,13,100,1224000
lineal,10000,inicio,24,1,100,0
binaria,10000,inicio,24,13,100,1224000
lineal,10000,inicio,25,1,100,0
binaria,10000,inicio,25,13,100,1224000
lineal,10000,inicio,26,1,0,0
binaria,10000,inicio,26,13,100,1224000
lineal,10000,inicio,27,1,100,0
binaria,10000,inicio,27,13,100,1224000
lineal,10000,inicio,28,1,100,0
binaria,10000,inicio,28,13,100,1224000
lineal,10000,inicio,29,1,100,0
binaria,10000,inicio,29,13,100,1224000
lineal,10000,centro,0,5001,4100,0
binaria,10000,centro,0,13,100,1224000
lineal,10000,centro,1,5001,3700,0
binaria,10000,centro,1,13,200,1224000
lineal,10000,centro,2,5001,3700,0
binaria,10000,centro,2,13,100,1224000
lineal,10000,centro,3,5001,3600,0
binaria,10000,centro,3,13,100,1224000
lineal,10000,centro,4,5001,3700,0
binaria,10000,centro,4,13,100,1224000
lineal,10000,centro,5,5001,3700,0
binaria,10000,centro,5,13,100,1224000
lineal,10000,centro,6,5001,3700,0
binaria,10000,centro,6,13,100,1224000
lineal,10000,centro,7,5001,3700,0
binaria,10000,centro,7,13,0,1224000
lineal,10000,centro,8,5001,3700,0
binaria,10000,centro,8,13,100,1224000
lineal,10000,centro,9,5001,3700,0
binaria,10000,centro,9,13,100,1224000
lineal,10000,centro,10,5001,3600,0
binaria,10000,centro,10,13,100,1224000
lineal,10000,centro,11,5001,3700,0
binaria,10000,centro,11,13,100,1224000
lineal,10000,centro,12,5001,3700,0
binaria,10000,centro,12,13,100,1224000
lineal,10000,centro,13,5001,3600,0
binaria,10000,centro,13,13,100,1224000
lineal,10000,centro,14,5001,3700,0
binaria,10000,centro,14,13,100,1224000
lineal,10000,centro,15,5001,3600,0
binaria,10000,centro,15,13,100,1224000
lineal,10000,centro,16,5001,3700,0
binaria,10000,centro,16,13,100,1224000
lineal,10000,centro,17,5001,3600,0
binaria,10000,centro,17,13,100,1224000
lineal,10000,centro,18,5001,3700,0
binaria,10000,centro,18,13,100,1224000
lineal,10000,centro,19,5001,3700,0
binaria,10000,centro,19,13,100,1224000
lineal,10000,centro,20,5001,3600,0
binaria,10000,centro,20,13,200,1224000
lineal,10000,centro,21,5001,3700,0
binaria,10000,centro,21,13,100,1224000
lineal,10000,centro,22,5001,3600,0
binaria,10000,centro,22,13,100,1224000
lineal,10000,centro,23,5001,3700,0
binaria,10000,centro,23,13,100,1224000
lineal,10000,centro,24,5001,5500,0
binaria,10000,centro,24,13,100,1224000
lineal,10000,centro,25,5001,3700,0
binaria,10000,centro,25,13,100,1224000
lineal,10000,centro,26,5001,3700,0
binaria,10000,centro,26,13,0,1224000
lineal,10000,centro,27,5001,3600,0
binaria,10000,centro,27,13,100,1224000
lineal,10000,centro,28,5001,3700,0
binaria,10000,centro,28,13,100,1224000
lineal,10000,centro,29,5001,3600,0
binaria,10000,centro,29,13,100,1224000
lineal,10000,final,0,10000,7200,0
binaria,10000,final,0,14,300,1224000
lineal,10000,final,1,10000,7300,0
binaria,10000,final,1,14,200,1224000
lineal,10000,final,2,10000,7300,0
binaria,10000,final,2,14,100,1224000
lineal,10000,final,3,10000,7300,0
binaria,10000,final,3,14,100,1224000
lineal,10000,final,4,10000,7300,0
binaria,10000,final,4,14,100,1224000
lineal,10000,final,5,10000,7300,0
binaria,10000,final,5,14,100,1224000
lineal,10000,final,6,10000,7300,0
binaria,10000,final,6,14,100,1224000
lineal,10000,final,7,10000,7300,0
binaria,10000,final,7,14,100,1224000
lineal,10000,final,8,10000,7200,0
binaria,10000,final,8,14,200,1224000
lineal,10000,final,9,10000,7200,0
binaria,10000,final,9,14,100,1224000
lineal,10000,final,10,10000,7300,0
binaria,10000,final,10,14,200,1224000
lineal,10000,final,11,10000,7300,0
binaria,10000,final,11,14,100,1224000
lineal,10000,final,12,10000,7300,0
binaria,10000,final,12,14,100,1224000
lineal,10000,final,13,10000,7300,0
binaria,10000,final,13,14,100,1224000
lineal,10000,final,14,10000,7300,0
binaria,10000,final,14,14,100,1224000
lineal,10000,final,15,10000,7300,0
binaria,10000,final,15,14,100,1224000
lineal,10000,final,16,10000,7200,0
binaria,10000,final,16,14,100,1224000
lineal,10000,final,17,10000,7200,0
binaria,10000,final,17,14,100,1224000
lineal,10000,final,18,10000,7300,0
binaria,10000,final,18,14,100,1224000
lineal,10000,final,19,10000,7200,0
binaria,10000,final,19,14,100,1224000
lineal,10000,final,20,10000,7200,0
binaria,10000,final,20,14,100,1224000
lineal,10000,final,21,10000,7300,0
binaria,10000,final,21,14,100,1224000
lineal,10000,final,22,10000,7300,0
binaria,10000,final,22,14,100,1224000
lineal,10000,final,23,10000,7300,0
binaria,10000,final,23,14,100,1224000
lineal,10000,final,24,10000,7300,0
binaria,10000,final,24,14,100,1224000
lineal,10000,final,25,10000,7300,0
binaria,10000,final,25,14,100,1224000
lineal,10000,final,26,10000,7300,0
binaria,10000,final,26,14,100,1224000
lineal,10000,final,27,10000,7300,0
binaria,10000,final,27,14,100,1224000
lineal,10000,final,28,10000,7300,0
binaria,10000,final,28,14,100,1224000
lineal,10000,final,29,10000,7300,0
binaria,10000,final,29,14,100,1224000
lineal,10000,ausente,0,10000,7300,0
binaria,10000,ausente,0,14,200,1224000
lineal,10000,ausente,1,10000,7300,0
binaria,10000,ausente,1,14,100,1224000
lineal,10000,ausente,2,10000,7300,0
binaria,10000,ausente,2,14,100,1224000
lineal,10000,ausente,3,10000,25600,0
binaria,10000,ausente,3,14,100,1224000
lineal,10000,ausente,4,10000,7400,0
binaria,10000,ausente,4,14,100,1224000
lineal,10000,ausente,5,10000,7300,0
binaria,10000,ausente,5,14,200,1224000
lineal,10000,ausente,6,10000,7200,0
binaria,10000,ausente,6,14,100,1224000
lineal,10000,ausente,7,10000,7300,0
binaria,10000,ausente,7,14,100,1224000
lineal,10000,ausente,8,10000,7300,0
binaria,10000,ausente,8,14,100,1224000
lineal,10000,ausente,9,10000,7300,0
binaria,10000,ausente,9,14,100,1224000
lineal,10000,ausente,10,10000,7300,0
binaria,10000,ausente,10,14,100,1224000
lineal,10000,ausente,11,10000,7200,0
binaria,10000,ausente,11,14,200,1224000
lineal,10000,ausente,12,10000,7200,0
binaria,10000,ausente,12,14,100,1224000
lineal,10000,ausente,13,10000,7300,0
binaria,10000,ausente,13,14,100,1224000
lineal,10000,ausente,14,10000,7300,0
binaria,10000,ausente,14,14,100,1224000
lineal,10000,ausente,15,10000,7300,0
binaria,10000,ausente,15,14,100,1224000
lineal,10000,ausente,16,10000,7300,0
binaria,10000,ausente,16,14,100,1224000
lineal,10000,ausente,17,10000,7300,0
binaria,10000,ausente,17,14,100,1224000
lineal,10000,ausente,18,10000,7200,0
binaria,10000,ausente,18,14,100,1224000
lineal,10000,ausente,19,10000,7200,0
binaria,10000,ausente,19,14,200,1224000
lineal,10000,ausente,20,10000,7300,0
binaria,10000,ausente,20,14,100,1224000
lineal,10000,ausente,21,10000,7300,0
binaria,10000,ausente,21,14,100,1224000
lineal,10000,ausente,22,10000,7300,0
binaria,10000,ausente,22,14,100,1224000
lineal,10000,ausente,23,10000,7300,0
binaria,10000,ausente,23,14,100,1224000
lineal,10000,ausente,24,10000,7300,0
binaria,10000,ausente,24,14,100,1224000
lineal,10000,ausente,25,10000,7300,0
binaria,10000,ausente,25,14,100,1224000
lineal,10000,ausente,26,10000,7300,0
binaria,10000,ausente,26,14,100,1224000
lineal,10000,ausente,27,10000,7300,0
binaria,10000,ausente,27,14,100,1224000
lineal,10000,ausente,28,10000,7300,0
binaria,10000,ausente,28,14,100,1224000
lineal,10000,ausente,29,10000,7300,0
binaria,10000,ausente,29,14,100,1224000
lineal,100000,inicio,0,1,100,0
binaria,100000,inicio,0,16,500,18660500
lineal,100000,inicio,1,1,100,0
binaria,100000,inicio,1,16,200,18660500
lineal,100000,inicio,2,1,0,0
binaria,100000,inicio,2,16,200,18660500
lineal,100000,inicio,3,1,0,0
binaria,100000,inicio,3,16,100,18660500
lineal,100000,inicio,4,1,100,0
binaria,100000,inicio,4,16,100,18660500
lineal,100000,inicio,5,1,100,0
binaria,100000,inicio,5,16,100,18660500
lineal,100000,inicio,6,1,100,0
binaria,100000,inicio,6,16,100,18660500
lineal,100000,inicio,7,1,100,0
binaria,100000,inicio,7,16,100,18660500
lineal,100000,inicio,8,1,100,0
binaria,100000,inicio,8,16,100,18660500
lineal,100000,inicio,9,1,100,0
binaria,100000,inicio,9,16,100,18660500
lineal,100000,inicio,10,1,100,0
binaria,100000,inicio,10,16,100,18660500
lineal,100000,inicio,11,1,100,0
binaria,100000,inicio,11,16,100,18660500
lineal,100000,inicio,12,1,100,0
binaria,100000,inicio,12,16,100,18660500
lineal,100000,inicio,13,1,100,0
binaria,100000,inicio,13,16,100,18660500
lineal,100000,inicio,14,1,100,0
binaria,100000,inicio,14,16,100,18660500
lineal,100000,inicio,15,1,100,0
binaria,100000,inicio,15,16,100,18660500
lineal,100000,inicio,16,1,100,0
binaria,100000,inicio,16,16,200,18660500
lineal,100000,inicio,17,1,0,0
binaria,100000,inicio,17,16,100,18660500
lineal,100000,inicio,18,1,100,0
binaria,100000,inicio,18,16,100,18660500
lineal,100000,inicio,19,1,100,0
binaria,100000,inicio,19,16,100,18660500
lineal,100000,inicio,20,1,100,0
binaria,100000,inicio,20,16,100,18660500
lineal,100000,inicio,21,1,100,0
binaria,100000,inicio,21,16,100,18660500
lineal,100000,inicio,22,1,100,0
binaria,100000,inicio,22,16,100,18660500
lineal,100000,inicio,23,1,100,0
binaria,100000,inicio,23,16,100,18660500
lineal,100000,inicio,24,1,100,0
binaria,100000,inicio,24,16,100,18660500
lineal,100000,inicio,25,1,100,0
binaria,100000,inicio,25,16,100,18660500
lineal,100000,inicio,26,1,100,0
binaria,100000,inicio,26,16,100,18660500
lineal,100000,inicio,27,1,100,0
binaria,100000,inicio,27,16,100,18660500
lineal,100000,inicio,28,1,0,0
binaria,100000,inicio,28,16,100,18660500
lineal,100000,inicio,29,1,100,0
binaria,100000,inicio,29,16,100,18660500
lineal,100000,centro,0,50001,56400,0
binaria,100000,centro,0,16,300,18660500
lineal,100000,centro,1,50001,35900,0
binaria,100000,centro,1,16,200,18660500
lineal,100000,centro,2,50001,35900,0
binaria,100000,centro,2,16,200,18660500
lineal,100000,centro,3,50001,35900,0
binaria,100000,centro,3,16,100,18660500
lineal,100000,centro,4,50001,36000,0
binaria,100000,centro,4,16,100,18660500
lineal,100000,centro,5,50001,35900,0
binaria,100000,centro,5,16,200,18660500
lineal,100000,centro,6,50001,35900,0
binaria,100000,centro,6,16,100,18660500
lineal,100000,centro,7,50001,35900,0
binaria,100000,centro,7,16,100,18660500
lineal,100000,centro,8,50001,35900,0
binaria,100000,centro,8,16,100,18660500
lineal,100000,centro,9,50001,36000,0
binaria,100000,centro,9,16,100,18660500
lineal,100000,centro,10,50001,35900,0
binaria,100000,centro,10,16,100,18660500
lineal,100000,centro,11,50001,35900,0
binaria,100000,centro,11,16,100,18660500
lineal,100000,centro,12,50001,35900,0
binaria,100000,centro,12,16,200,18660500
lineal,100000,centro,13,50001,35900,0
binaria,100000,centro,13,16,100,18660500
lineal,100000,centro,14,50001,35900,0
binaria,100000,centro,14,16,100,18660500
lineal,100000,centro,15,50001,35900,0
binaria,100000,centro,15,16,200,18660500
lineal,100000,centro,16,50001,35900,0
binaria,100000,centro,16,16,100,18660500
lineal,100000,centro,17,50001,36000,0
binaria,100000,centro,17,16,100,18660500
lineal,100000,centro,18,50001,35900,0
binaria,100000,centro,18,16,200,18660500
lineal,100000,centro,19,50001,35900,0
binaria,100000,centro,19,16,100,18660500
lineal,100000,centro,20,50001,36000,0
binaria,100000,centro,20,16,100,18660500
lineal,100000,centro,21,50001,46200,0
binaria,100000,centro,21,16,100,18660500
lineal,100000,centro,22,50001,36100,0
binaria,100000,centro,22,16,100,18660500
lineal,100000,centro,23,50001,35900,0
binaria,100000,centro,23,16,100,18660500
lineal,100000,centro,24,50001,35900,0
binaria,100000,centro,24,16,100,18660500
lineal,100000,centro,25,50001,36000,0
binaria,100000,centro,25,16,100,18660500
lineal,100000,centro,26,50001,36000,0
binaria,100000,centro,26,16,100,18660500
lineal,100000,centro,27,50001,35900,0
binaria,100000,centro,27,16,100,18660500
lineal,100000,centro,28,50001,35900,0
binaria,100000,centro,28,16,200,18660500
lineal,100000,centro,29,50001,35900,0
binaria,100000,centro,29,16,200,18660500
lineal,100000,final,0,100000,89400,0
binaria,100000,final,0,17,300,18660500
lineal,100000,final,1,100000,72200,0
binaria,100000,final,1,17,200,18660500
lineal,100000,final,2,100000,71700,0
binaria,100000,final,2,17,200,18660500
lineal,100000,final,3,100000,71700,0
binaria,100000,final,3,17,100,18660500
lineal,100000,final,4,100000,72000,0
binaria,100000,final,4,17,100,18660500
lineal,100000,final,5,100000,577000,0
binaria,100000,final,5,17,1000,18660500
lineal,100000,final,6,100000,116300,0
binaria,100000,final,6,17,300,18660500
lineal,100000,final,7,100000,92600,0
binaria,100000,final,7,17,200,18660500
lineal,100000,final,8,100000,88900,0
binaria,100000,final,8,17,200,18660500
lineal,100000,final,9,100000,82300,0
binaria,100000,final,9,17,200,18660500
lineal,100000,final,10,100000,95300,0
binaria,100000,final,10,17,200,18660500
lineal,100000,final,11,100000,87800,0
binaria,100000,final,11,17,200,18660500
lineal,100000,final,12,100000,90600,0
binaria,100000,final,12,17,200,18660500
lineal,100000,final,13,100000,83200,0
binaria,100000,final,13,17,200,18660500
lineal,100000,final,14,100000,84700,0
binaria,100000,final,14,17,100,18660500
lineal,100000,final,15,100000,83500,0
binaria,100000,final,15,17,200,18660500
lineal,100000,final,16,100000,82500,0
binaria,100000,final,16,17,100,18660500
lineal,100000,final,17,100000,82700,0
binaria,100000,final,17,17,200,18660500
lineal,100000,final,18,100000,115300,0
binaria,100000,final,18,17,300,18660500
lineal,100000,final,19,100000,97500,0
binaria,100000,final,19,17,300,18660500
lineal,100000,final,20,100000,81500,0
binaria,100000,final,20,17,200,18660500
lineal,100000,final,21,100000,103500,0
binaria,100000,final,21,17,100,18660500
lineal,100000,final,22,100000,82500,0
binaria,100000,final,22,17,200,18660500
lineal,100000,final,23,100000,90700,0
binaria,100000,final,23,17,200,18660500
lineal,100000,final,24,100000,79300,0
binaria,100000,final,24,17,200,18660500
lineal,100000,final,25,100000,83800,0
binaria,100000,final,25,17,200,18660500
lineal,100000,final,26,100000,81600,0
binaria,100000,final,26,17,100,18660500
lineal,100000,final,27,100000,89600,0
binaria,100000,final,27,17,200,18660500
lineal,100000,final,28,100000,145200,0
binaria,100000,final,28,17,800,18660500
lineal,100000,final,29,100000,102800,0
binaria,100000,final,29,17,300,18660500
lineal,100000,ausente,0,100000,78200,0
binaria,100000,ausente,0,17,300,18660500
lineal,100000,ausente,1,100000,72000,0
binaria,100000,ausente,1,17,200,18660500
lineal,100000,ausente,2,100000,77300,0
binaria,100000,ausente,2,17,200,18660500
lineal,100000,ausente,3,100000,74100,0
binaria,100000,ausente,3,17,100,18660500
lineal,100000,ausente,4,100000,71700,0
binaria,100000,ausente,4,17,200,18660500
lineal,100000,ausente,5,100000,103000,0
binaria,100000,ausente,5,17,200,18660500
lineal,100000,ausente,6,100000,71700,0
binaria,100000,ausente,6,17,100,18660500
lineal,100000,ausente,7,100000,71700,0
binaria,100000,ausente,7,17,200,18660500
lineal,100000,ausente,8,100000,71700,0
binaria,100000,ausente,8,17,200,18660500
lineal,100000,ausente,9,100000,71700,0
binaria,100000,ausente,9,17,100,18660500
lineal,100000,ausente,10,100000,71700,0
binaria,100000,ausente,10,17,100,18660500
lineal,100000,ausente,11,100000,71700,0
binaria,100000,ausente,11,17,200,18660500
lineal,100000,ausente,12,100000,71700,0
binaria,100000,ausente,12,17,100,18660500
lineal,100000,ausente,13,100000,71800,0
binaria,100000,ausente,13,17,100,18660500
lineal,100000,ausente,14,100000,71700,0
binaria,100000,ausente,14,17,100,18660500
lineal,100000,ausente,15,100000,71700,0
binaria,100000,ausente,15,17,200,18660500
lineal,100000,ausente,16,100000,71700,0
binaria,100000,ausente,16,17,100,18660500
lineal,100000,ausente,17,100000,71700,0
binaria,100000,ausente,17,17,100,18660500
lineal,100000,ausente,18,100000,80600,0
binaria,100000,ausente,18,17,100,18660500
lineal,100000,ausente,19,100000,71800,0
binaria,100000,ausente,19,17,100,18660500
lineal,100000,ausente,20,100000,71800,0
binaria,100000,ausente,20,17,100,18660500
lineal,100000,ausente,21,100000,71700,0
binaria,100000,ausente,21,17,200,18660500
lineal,100000,ausente,22,100000,71700,0
binaria,100000,ausente,22,17,100,18660500
lineal,100000,ausente,23,100000,71800,0
binaria,100000,ausente,23,17,100,18660500
lineal,100000,ausente,24,100000,71700,0
binaria,100000,ausente,24,17,200,18660500
lineal,100000,ausente,25,100000,71700,0
binaria,100000,ausente,25,17,100,18660500
lineal,100000,ausente,26,100000,71800,0
binaria,100000,ausente,26,17,100,18660500
lineal,100000,ausente,27,100000,71700,0
binaria,100000,ausente,27,17,100,18660500
lineal,100000,ausente,28,100000,71700,0
binaria,100000,ausente,28,17,200,18660500
lineal,100000,ausente,29,100000,71800,0
binaria,100000,ausente,29,17,100,18660500
lineal,500000,inicio,0,1,200,0
binaria,500000,inicio,0,18,400,83787000
lineal,500000,inicio,1,1,100,0
binaria,500000,inicio,1,18,100,83787000
lineal,500000,inicio,2,1,100,0
binaria,500000,inicio,2,18,100,83787000
lineal,500000,inicio,3,1,100,0
binaria,500000,inicio,3,18,100,83787000
lineal,500000,inicio,4,1,100,0
binaria,500000,inicio,4,18,100,83787000
lineal,500000,inicio,5,1,0,0
binaria,500000,inicio,5,18,200,83787000
lineal,500000,inicio,6,1,100,0
binaria,500000,inicio,6,18,100,83787000
lineal,500000,inicio,7,1,100,0
binaria,500000,inicio,7,18,100,83787000
lineal,500000,inicio,8,1,100,0
binaria,500000,inicio,8,18,100,83787000
lineal,500000,inicio,9,1,100,0
binaria,500000,inicio,9,18,100,83787000
lineal,500000,inicio,10,1,100,0
binaria,500000,inicio,10,18,100,83787000
lineal,500000,inicio,11,1,0,0
binaria,500000,inicio,11,18,100,83787000
lineal,500000,inicio,12,1,100,0
binaria,500000,inicio,12,18,100,83787000
lineal,500000,inicio,13,1,100,0
binaria,500000,inicio,13,18,100,83787000
lineal,500000,inicio,14,1,100,0
binaria,500000,inicio,14,18,100,83787000
lineal,500000,inicio,15,1,100,0
binaria,500000,inicio,15,18,100,83787000
lineal,500000,inicio,16,1,100,0
binaria,500000,inicio,16,18,200,83787000
lineal,500000,inicio,17,1,100,0
binaria,500000,inicio,17,18,100,83787000
lineal,500000,inicio,18,1,100,0
binaria,500000,inicio,18,18,100,83787000
lineal,500000,inicio,19,1,100,0
binaria,500000,inicio,19,18,100,83787000
lineal,500000,inicio,20,1,100,0
binaria,500000,inicio,20,18,100,83787000
lineal,500000,inicio,21,1,100,0
binaria,500000,inicio,21,18,200,83787000
lineal,500000,inicio,22,1,0,0
binaria,500000,inicio,22,18,100,83787000
lineal,500000,inicio,23,1,100,0
binaria,500000,inicio,23,18,100,83787000
lineal,500000,inicio,24,1,100,0
binaria,500000,inicio,24,18,100,83787000
lineal,500000,inicio,25,1,100,0
binaria,500000,inicio,25,18,200,83787000
lineal,500000,inicio,26,1,0,0
binaria,500000,inicio,26,18,100,83787000
lineal,500000,inicio,27,1,100,0
binaria,500000,inicio,27,18,100,83787000
lineal,500000,inicio,28,1,100,0
binaria,500000,inicio,28,18,100,83787000
lineal,500000,inicio,29,1,100,0
binaria,500000,inicio,29,18,100,83787000
lineal,500000,centro,0,250001,279900,0
binaria,500000,centro,0,18,600,83787000
lineal,500000,centro,1,250001,185500,0
binaria,500000,centro,1,18,400,83787000
lineal,500000,centro,2,250001,180400,0
binaria,500000,centro,2,18,300,83787000
lineal,500000,centro,3,250001,180200,0
binaria,500000,centro,3,18,300,83787000
lineal,500000,centro,4,250001,196500,0
binaria,500000,centro,4,18,300,83787000
lineal,500000,centro,5,250001,180300,0
binaria,500000,centro,5,18,400,83787000
lineal,500000,centro,6,250001,180200,0
binaria,500000,centro,6,18,300,83787000
lineal,500000,centro,7,250001,180200,0
binaria,500000,centro,7,18,300,83787000
lineal,500000,centro,8,250001,180100,0
binaria,500000,centro,8,18,400,83787000
lineal,500000,centro,9,250001,180200,0
binaria,500000,centro,9,18,300,83787000
lineal,500000,centro,10,250001,180500,0
binaria,500000,centro,10,18,300,83787000
lineal,500000,centro,11,250001,180300,0
binaria,500000,centro,11,18,300,83787000
lineal,500000,centro,12,250001,180100,0
binaria,500000,centro,12,18,300,83787000
lineal,500000,centro,13,250001,180300,0
binaria,500000,centro,13,18,400,83787000
lineal,500000,centro,14,250001,180300,0
binaria,500000,centro,14,18,400,83787000
lineal,500000,centro,15,250001,194100,0
binaria,500000,centro,15,18,400,83787000
lineal,500000,centro,16,250001,180500,0
binaria,500000,centro,16,18,300,83787000
lineal,500000,centro,17,250001,180800,0
binaria,500000,centro,17,18,300,83787000
lineal,500000,centro,18,250001,180200,0
binaria,500000,centro,18,18,400,83787000
lineal,500000,centro,19,250001,180300,0
binaria,500000,centro,19,18,400,83787000
lineal,500000,centro,20,250001,180100,0
binaria,500000,centro,20,18,300,83787000
lineal,500000,centro,21,250001,180600,0
binaria,500000,centro,21,18,300,83787000
lineal,500000,centro,22,250001,180700,0
binaria,500000,centro,22,18,400,83787000
lineal,500000,centro,23,250001,180600,0
binaria,500000,centro,23,18,300,83787000
lineal,500000,centro,24,250001,180100,0
binaria,500000,centro,24,18,400,83787000
lineal,500000,centro,25,250001,180300,0
binaria,500000,centro,25,18,300,83787000
lineal,500000,centro,26,250001,195000,0
binaria,500000,centro,26,18,300,83787000
lineal,500000,centro,27,250001,180500,0
binaria,500000,centro,27,18,300,83787000
lineal,500000,centro,28,250001,180400,0
binaria,500000,centro,28,18,300,83787000
lineal,500000,centro,29,250001,180400,0
binaria,500000,centro,29,18,300,83787000
lineal,500000,final,0,500000,446300,0
binaria,500000,final,0,19,900,83787000
lineal,500000,final,1,500000,361900,0
binaria,500000,final,1,19,700,83787000
lineal,500000,final,2,500000,360600,0
binaria,500000,final,2,19,300,83787000
lineal,500000,final,3,500000,375500,0
binaria,500000,final,3,19,400,83787000
lineal,500000,final,4,500000,360200,0
binaria,500000,final,4,19,300,83787000
lineal,500000,final,5,500000,360100,0
binaria,500000,final,5,19,300,83787000
lineal,500000,final,6,500000,416600,0
binaria,500000,final,6,19,700,83787000
lineal,500000,final,7,500000,491900,0
binaria,500000,final,7,19,500,83787000
lineal,500000,final,8,500000,569800,0
binaria,500000,final,8,19,1200,83787000
lineal,500000,final,9,500000,502700,0
binaria,500000,final,9,19,300,83787000
lineal,500000,final,10,500000,420200,0
binaria,500000,final,10,19,300,83787000
lineal,500000,final,11,500000,396500,0
binaria,500000,final,11,19,300,83787000
lineal,500000,final,12,500000,412800,0
binaria,500000,final,12,19,300,83787000
lineal,500000,final,13,500000,396700,0
binaria,500000,final,13,19,300,83787000
lineal,500000,final,14,500000,397600,0
binaria,500000,final,14,19,200,83787000
lineal,500000,final,15,500000,423800,0
binaria,500000,final,15,19,300,83787000
lineal,500000,final,16,500000,397600,0
binaria,500000,final,16,19,300,83787000
lineal,500000,final,17,500000,419800,0
binaria,500000,final,17,19,300,83787000
lineal,500000,final,18,500000,397500,0
binaria,500000,final,18,19,300,83787000
lineal,500000,final,19,500000,397500,0
binaria,500000,final,19,19,300,83787000
lineal,500000,final,20,500000,411500,0
binaria,500000,final,20,19,300,83787000
lineal,500000,final,21,500000,396600,0
binaria,500000,final,21,19,300,83787000
lineal,500000,final,22,500000,412600,0
binaria,500000,final,22,19,300,83787000
lineal,500000,final,23,500000,397400,0
binaria,500000,final,23,19,200,83787000
lineal,500000,final,24,500000,397500,0
binaria,500000,final,24,19,200,83787000
lineal,500000,final,25,500000,412100,0
binaria,500000,final,25,19,300,83787000
lineal,500000,final,26,500000,397700,0
binaria,500000,final,26,19,300,83787000
lineal,500000,final,27,500000,421800,0
binaria,500000,final,27,19,300,83787000
lineal,500000,final,28,500000,397600,0
binaria,500000,final,28,19,300,83787000
lineal,500000,final,29,500000,397600,0
binaria,500000,final,29,19,300,83787000
lineal,500000,ausente,0,500000,419200,0
binaria,500000,ausente,0,19,400,83787000
lineal,500000,ausente,1,500000,396700,0
binaria,500000,ausente,1,19,300,83787000
lineal,500000,ausente,2,500000,414100,0
binaria,500000,ausente,2,19,400,83787000
lineal,500000,ausente,3,500000,397500,0
binaria,500000,ausente,3,19,300,83787000
lineal,500000,ausente,4,500000,538900,0
binaria,500000,ausente,4,19,700,83787000
lineal,500000,ausente,5,500000,421300,0
binaria,500000,ausente,5,19,300,83787000
lineal,500000,ausente,6,500000,421700,0
binaria,500000,ausente,6,19,300,83787000
lineal,500000,ausente,7,500000,400000,0
binaria,500000,ausente,7,19,300,83787000
lineal,500000,ausente,8,500000,399900,0
binaria,500000,ausente,8,19,300,83787000
lineal,500000,ausente,9,500000,413900,0
binaria,500000,ausente,9,19,400,83787000
lineal,500000,ausente,10,500000,399600,0
binaria,500000,ausente,10,19,200,83787000
lineal,500000,ausente,11,500000,413500,0
binaria,500000,ausente,11,19,300,83787000
lineal,500000,ausente,12,500000,400000,0
binaria,500000,ausente,12,19,300,83787000
lineal,500000,ausente,13,500000,399900,0
binaria,500000,ausente,13,19,300,83787000
lineal,500000,ausente,14,500000,415700,0
binaria,500000,ausente,14,19,300,83787000
lineal,500000,ausente,15,500000,397900,0
binaria,500000,ausente,15,19,300,83787000
lineal,500000,ausente,16,500000,420300,0
binaria,500000,ausente,16,19,300,83787000
lineal,500000,ausente,17,500000,399800,0
binaria,500000,ausente,17,19,300,83787000
lineal,500000,ausente,18,500000,415100,0
binaria,500000,ausente,18,19,300,83787000
lineal,500000,ausente,19,500000,400500,0
binaria,500000,ausente,19,19,300,83787000
lineal,500000,ausente,20,500000,397400,0
binaria,500000,ausente,20,19,300,83787000
lineal,500000,ausente,21,500000,412100,0
binaria,500000,ausente,21,19,300,83787000
lineal,500000,ausente,22,500000,397600,0
binaria,500000,ausente,22,19,300,83787000
lineal,500000,ausente,23,500000,417700,0
binaria,500000,ausente,23,19,300,83787000
lineal,500000,ausente,24,500000,399600,0
binaria,500000,ausente,24,19,200,83787000
lineal,500000,ausente,25,500000,398200,0
binaria,500000,ausente,25,19,300,83787000
lineal,500000,ausente,26,500000,439600,0
binaria,500000,ausente,26,19,300,83787000
lineal,500000,ausente,27,500000,440900,0
binaria,500000,ausente,27,19,300,83787000
lineal,500000,ausente,28,500000,563400,0
binaria,500000,ausente,28,19,700,83787000
lineal,500000,ausente,29,500000,451100,0
binaria,500000,ausente,29,19,300,83787000
